Workbook

Sheet Read Me
B1: Eschool - Functional Test Plan
B2: Scope: everything built so far (Oct 2026 build, includes Admissions 'pick an existing parent')
B4: Purpose | C4: Manual functional test of the completed modules. Work through the 'Test Cases' sheet top to bottom; each row is one check.
B5: Modules covered | C5: Login & Layout, Reusable Components, Class Sections, Subjects, Teachers, Parents, Admissions (incl. existing-parent picker), Students, Attendance, Documents, Users & Staff, Roles & Permissions, My Account, School Settings, Dashboard, role-based access, end-to-end flows, non-functional checks.
B6: NOT in scope | C6: Modules not built yet (Reports, Timetable, Fees, Exams, Results, Library, Notices, PTM, Calendar, Transport, Helpdesk, etc.): the sidebar items open the dashboard on purpose. Student / Parent portal logins are not built.
B7: Environment | C7: Web app: http://localhost:5173 - API: https://localhost:7100 - use a TEST database, never real data. Keep browser DevTools open (Console + Network): any red console error or HTTP 500 is a defect on its own.
B8: Test data | C8: All test records should start with 'ZT' (e.g. 'ZT Class A') so they are easy to find and delete. See sheet 'Test Data' for the users to create and sample values.
B9: How to execute | C9: 1) Filter 'Test Cases' by Module (use the filter arrows in row 1). 2) Do the steps. 3) Fill the yellow columns: Actual Result (only when different or useful), Status, Tested By, Date, Defect ID, Comments. 4) For every Fail, add a row in 'Defect Log' and put its ID in the test row.
B10: Status values | C10: Not Run (default) | Pass | Fail | Blocked (cannot test because of another defect) | N/A (not applicable)
B11: Type / Priority | C11: Type: Functional, Validation (bad input), Negative (should be refused), Security (permissions / data exposure), UI, Exploratory (the correct behaviour is not fixed: describe what you see). Priority: High = core flow or security, run first; Medium; Low.
B12: Roles | C12: Cases name the role to log in as. Admin sees everything. Clerk, Supervisor and Teacher are limited roles (create them in Users & Staff; see 'Test Data'). 'Role without X' means create a custom role in Roles & Permissions that lacks permission X.
B13: Known limitations | C13: 1) Attendance 'today' currently follows UTC, so between 00:00 and 04:00 Abu Dhabi time it can show yesterday (fix planned: F2). 2) Parent e-mail uniqueness is not enforced (PAR-14). 3) Lists load fully (no server paging yet): expect slowness only at very large volumes. 4) Fee, report-card and attendance-report buttons on students show 'not yet available'.
B14: Summary | C14: The 'Summary' sheet counts results automatically from the Status column. Do not type in it.
B16: Colour key
B17: Yellow cells | C17: You fill these in (Actual Result, Status, Tested By, Date, Defect ID, Comments).
B18: Status colours | C18: Pass = green, Fail = red, Blocked = orange, Not Run = grey (automatic).

Sheet Summary
A1: Test Execution Summary
A2: Calculated automatically from the Status column of 'Test Cases'.
A4: Module | B4: Total | C4: Pass | D4: Fail | E4: Blocked | F4: N/A | G4: Not Run | H4: % Executed | I4: % Pass (of executed)
A5: Login & Layout | B5: =COUNTIF('Test Cases'!$B$2:$B$336,$A5) -> 26 | C5: =COUNTIFS('Test Cases'!$B$2:$B$336,$A5,'Test Cases'!$K$2:$K$336,"Pass") -> 0 | D5: =COUNTIFS('Test Cases'!$B$2:$B$336,$A5,'Test Cases'!$K$2:$K$336,"Fail") -> 0 | E5: =COUNTIFS('Test Cases'!$B$2:$B$336,$A5,'Test Cases'!$K$2:$K$336,"Blocked") -> 0 | F5: =COUNTIFS('Test Cases'!$B$2:$B$336,$A5,'Test Cases'!$K$2:$K$336,"N/A") -> 0 | G5: =COUNTIFS('Test Cases'!$B$2:$B$336,$A5,'Test Cases'!$K$2:$K$336,"Not Run") -> 26 | H5: =IFERROR((B5-G5-F5)/(B5-F5),0) -> 0 | I5: =IFERROR(C5/(C5+D5),0) -> 0
A6: Reusable Components | B6: =COUNTIF('Test Cases'!$B$2:$B$336,$A6) -> 12 | C6: =COUNTIFS('Test Cases'!$B$2:$B$336,$A6,'Test Cases'!$K$2:$K$336,"Pass") -> 0 | D6: =COUNTIFS('Test Cases'!$B$2:$B$336,$A6,'Test Cases'!$K$2:$K$336,"Fail") -> 0 | E6: =COUNTIFS('Test Cases'!$B$2:$B$336,$A6,'Test Cases'!$K$2:$K$336,"Blocked") -> 0 | F6: =COUNTIFS('Test Cases'!$B$2:$B$336,$A6,'Test Cases'!$K$2:$K$336,"N/A") -> 0 | G6: =COUNTIFS('Test Cases'!$B$2:$B$336,$A6,'Test Cases'!$K$2:$K$336,"Not Run") -> 12 | H6: =IFERROR((B6-G6-F6)/(B6-F6),0) -> 0 | I6: =IFERROR(C6/(C6+D6),0) -> 0
A7: Class Sections | B7: =COUNTIF('Test Cases'!$B$2:$B$336,$A7) -> 15 | C7: =COUNTIFS('Test Cases'!$B$2:$B$336,$A7,'Test Cases'!$K$2:$K$336,"Pass") -> 0 | D7: =COUNTIFS('Test Cases'!$B$2:$B$336,$A7,'Test Cases'!$K$2:$K$336,"Fail") -> 0 | E7: =COUNTIFS('Test Cases'!$B$2:$B$336,$A7,'Test Cases'!$K$2:$K$336,"Blocked") -> 0 | F7: =COUNTIFS('Test Cases'!$B$2:$B$336,$A7,'Test Cases'!$K$2:$K$336,"N/A") -> 0 | G7: =COUNTIFS('Test Cases'!$B$2:$B$336,$A7,'Test Cases'!$K$2:$K$336,"Not Run") -> 15 | H7: =IFERROR((B7-G7-F7)/(B7-F7),0) -> 0 | I7: =IFERROR(C7/(C7+D7),0) -> 0
A8: Subjects | B8: =COUNTIF('Test Cases'!$B$2:$B$336,$A8) -> 11 | C8: =COUNTIFS('Test Cases'!$B$2:$B$336,$A8,'Test Cases'!$K$2:$K$336,"Pass") -> 0 | D8: =COUNTIFS('Test Cases'!$B$2:$B$336,$A8,'Test Cases'!$K$2:$K$336,"Fail") -> 0 | E8: =COUNTIFS('Test Cases'!$B$2:$B$336,$A8,'Test Cases'!$K$2:$K$336,"Blocked") -> 0 | F8: =COUNTIFS('Test Cases'!$B$2:$B$336,$A8,'Test Cases'!$K$2:$K$336,"N/A") -> 0 | G8: =COUNTIFS('Test Cases'!$B$2:$B$336,$A8,'Test Cases'!$K$2:$K$336,"Not Run") -> 11 | H8: =IFERROR((B8-G8-F8)/(B8-F8),0) -> 0 | I8: =IFERROR(C8/(C8+D8),0) -> 0
A9: Teachers | B9: =COUNTIF('Test Cases'!$B$2:$B$336,$A9) -> 18 | C9: =COUNTIFS('Test Cases'!$B$2:$B$336,$A9,'Test Cases'!$K$2:$K$336,"Pass") -> 0 | D9: =COUNTIFS('Test Cases'!$B$2:$B$336,$A9,'Test Cases'!$K$2:$K$336,"Fail") -> 0 | E9: =COUNTIFS('Test Cases'!$B$2:$B$336,$A9,'Test Cases'!$K$2:$K$336,"Blocked") -> 0 | F9: =COUNTIFS('Test Cases'!$B$2:$B$336,$A9,'Test Cases'!$K$2:$K$336,"N/A") -> 0 | G9: =COUNTIFS('Test Cases'!$B$2:$B$336,$A9,'Test Cases'!$K$2:$K$336,"Not Run") -> 18 | H9: =IFERROR((B9-G9-F9)/(B9-F9),0) -> 0 | I9: =IFERROR(C9/(C9+D9),0) -> 0
A10: Parents | B10: =COUNTIF('Test Cases'!$B$2:$B$336,$A10) -> 19 | C10: =COUNTIFS('Test Cases'!$B$2:$B$336,$A10,'Test Cases'!$K$2:$K$336,"Pass") -> 0 | D10: =COUNTIFS('Test Cases'!$B$2:$B$336,$A10,'Test Cases'!$K$2:$K$336,"Fail") -> 0 | E10: =COUNTIFS('Test Cases'!$B$2:$B$336,$A10,'Test Cases'!$K$2:$K$336,"Blocked") -> 0 | F10: =COUNTIFS('Test Cases'!$B$2:$B$336,$A10,'Test Cases'!$K$2:$K$336,"N/A") -> 0 | G10: =COUNTIFS('Test Cases'!$B$2:$B$336,$A10,'Test Cases'!$K$2:$K$336,"Not Run") -> 19 | H10: =IFERROR((B10-G10-F10)/(B10-F10),0) -> 0 | I10: =IFERROR(C10/(C10+D10),0) -> 0
A11: Admissions | B11: =COUNTIF('Test Cases'!$B$2:$B$336,$A11) -> 60 | C11: =COUNTIFS('Test Cases'!$B$2:$B$336,$A11,'Test Cases'!$K$2:$K$336,"Pass") -> 0 | D11: =COUNTIFS('Test Cases'!$B$2:$B$336,$A11,'Test Cases'!$K$2:$K$336,"Fail") -> 0 | E11: =COUNTIFS('Test Cases'!$B$2:$B$336,$A11,'Test Cases'!$K$2:$K$336,"Blocked") -> 0 | F11: =COUNTIFS('Test Cases'!$B$2:$B$336,$A11,'Test Cases'!$K$2:$K$336,"N/A") -> 0 | G11: =COUNTIFS('Test Cases'!$B$2:$B$336,$A11,'Test Cases'!$K$2:$K$336,"Not Run") -> 60 | H11: =IFERROR((B11-G11-F11)/(B11-F11),0) -> 0 | I11: =IFERROR(C11/(C11+D11),0) -> 0
A12: Students | B12: =COUNTIF('Test Cases'!$B$2:$B$336,$A12) -> 45 | C12: =COUNTIFS('Test Cases'!$B$2:$B$336,$A12,'Test Cases'!$K$2:$K$336,"Pass") -> 0 | D12: =COUNTIFS('Test Cases'!$B$2:$B$336,$A12,'Test Cases'!$K$2:$K$336,"Fail") -> 0 | E12: =COUNTIFS('Test Cases'!$B$2:$B$336,$A12,'Test Cases'!$K$2:$K$336,"Blocked") -> 0 | F12: =COUNTIFS('Test Cases'!$B$2:$B$336,$A12,'Test Cases'!$K$2:$K$336,"N/A") -> 0 | G12: =COUNTIFS('Test Cases'!$B$2:$B$336,$A12,'Test Cases'!$K$2:$K$336,"Not Run") -> 45 | H12: =IFERROR((B12-G12-F12)/(B12-F12),0) -> 0 | I12: =IFERROR(C12/(C12+D12),0) -> 0
A13: Attendance | B13: =COUNTIF('Test Cases'!$B$2:$B$336,$A13) -> 26 | C13: =COUNTIFS('Test Cases'!$B$2:$B$336,$A13,'Test Cases'!$K$2:$K$336,"Pass") -> 0 | D13: =COUNTIFS('Test Cases'!$B$2:$B$336,$A13,'Test Cases'!$K$2:$K$336,"Fail") -> 0 | E13: =COUNTIFS('Test Cases'!$B$2:$B$336,$A13,'Test Cases'!$K$2:$K$336,"Blocked") -> 0 | F13: =COUNTIFS('Test Cases'!$B$2:$B$336,$A13,'Test Cases'!$K$2:$K$336,"N/A") -> 0 | G13: =COUNTIFS('Test Cases'!$B$2:$B$336,$A13,'Test Cases'!$K$2:$K$336,"Not Run") -> 26 | H13: =IFERROR((B13-G13-F13)/(B13-F13),0) -> 0 | I13: =IFERROR(C13/(C13+D13),0) -> 0
A14: Documents | B14: =COUNTIF('Test Cases'!$B$2:$B$336,$A14) -> 23 | C14: =COUNTIFS('Test Cases'!$B$2:$B$336,$A14,'Test Cases'!$K$2:$K$336,"Pass") -> 0 | D14: =COUNTIFS('Test Cases'!$B$2:$B$336,$A14,'Test Cases'!$K$2:$K$336,"Fail") -> 0 | E14: =COUNTIFS('Test Cases'!$B$2:$B$336,$A14,'Test Cases'!$K$2:$K$336,"Blocked") -> 0 | F14: =COUNTIFS('Test Cases'!$B$2:$B$336,$A14,'Test Cases'!$K$2:$K$336,"N/A") -> 0 | G14: =COUNTIFS('Test Cases'!$B$2:$B$336,$A14,'Test Cases'!$K$2:$K$336,"Not Run") -> 23 | H14: =IFERROR((B14-G14-F14)/(B14-F14),0) -> 0 | I14: =IFERROR(C14/(C14+D14),0) -> 0
A15: Users & Staff | B15: =COUNTIF('Test Cases'!$B$2:$B$336,$A15) -> 23 | C15: =COUNTIFS('Test Cases'!$B$2:$B$336,$A15,'Test Cases'!$K$2:$K$336,"Pass") -> 0 | D15: =COUNTIFS('Test Cases'!$B$2:$B$336,$A15,'Test Cases'!$K$2:$K$336,"Fail") -> 0 | E15: =COUNTIFS('Test Cases'!$B$2:$B$336,$A15,'Test Cases'!$K$2:$K$336,"Blocked") -> 0 | F15: =COUNTIFS('Test Cases'!$B$2:$B$336,$A15,'Test Cases'!$K$2:$K$336,"N/A") -> 0 | G15: =COUNTIFS('Test Cases'!$B$2:$B$336,$A15,'Test Cases'!$K$2:$K$336,"Not Run") -> 23 | H15: =IFERROR((B15-G15-F15)/(B15-F15),0) -> 0 | I15: =IFERROR(C15/(C15+D15),0) -> 0
A16: Roles & Permissions | B16: =COUNTIF('Test Cases'!$B$2:$B$336,$A16) -> 11 | C16: =COUNTIFS('Test Cases'!$B$2:$B$336,$A16,'Test Cases'!$K$2:$K$336,"Pass") -> 0 | D16: =COUNTIFS('Test Cases'!$B$2:$B$336,$A16,'Test Cases'!$K$2:$K$336,"Fail") -> 0 | E16: =COUNTIFS('Test Cases'!$B$2:$B$336,$A16,'Test Cases'!$K$2:$K$336,"Blocked") -> 0 | F16: =COUNTIFS('Test Cases'!$B$2:$B$336,$A16,'Test Cases'!$K$2:$K$336,"N/A") -> 0 | G16: =COUNTIFS('Test Cases'!$B$2:$B$336,$A16,'Test Cases'!$K$2:$K$336,"Not Run") -> 11 | H16: =IFERROR((B16-G16-F16)/(B16-F16),0) -> 0 | I16: =IFERROR(C16/(C16+D16),0) -> 0
... A22: Non-functional | B22: =COUNTIF('Test Cases'!$B$2:$B$336,$A22) -> 8 | C22: =COUNTIFS('Test Cases'!$B$2:$B$336,$A22,'Test Cases'!$K$2:$K$336,"Pass") -> 0 | D22: =COUNTIFS('Test Cases'!$B$2:$B$336,$A22,'Test Cases'!$K$2:$K$336,"Fail") -> 0 | E22: =COUNTIFS('Test Cases'!$B$2:$B$336,$A22,'Test Cases'!$K$2:$K$336,"Blocked") -> 0 | F22: =COUNTIFS('Test Cases'!$B$2:$B$336,$A22,'Test Cases'!$K$2:$K$336,"N/A") -> 0 | G22: =COUNTIFS('Test Cases'!$B$2:$B$336,$A22,'Test Cases'!$K$2:$K$336,"Not Run") -> 8 | H22: =IFERROR((B22-G22-F22)/(B22-F22),0) -> 0 | I22: =IFERROR(C22/(C22+D22),0) -> 0
A23: TOTAL | B23: =SUM(B5:B22) -> 335 | C23: =SUM(C5:C22) -> 0 | D23: =SUM(D5:D22) -> 0 | E23: =SUM(E5:E22) -> 0 | F23: =SUM(F5:F22) -> 0 | G23: =SUM(G5:G22) -> 335 | H23: =IFERROR((B23-G23-F23)/(B23-F23),0) -> 0 | I23: =IFERROR(C23/(C23+D23),0) -> 0
A26: High-priority cases
A27: High priority total | B27: =COUNTIF('Test Cases'!$E$2:$E$336,"High") -> 177
A28: High priority failed | B28: =COUNTIFS('Test Cases'!$E$2:$E$336,"High",'Test Cases'!$K$2:$K$336,"Fail") -> 0
A29: High priority not yet run | B29: =COUNTIFS('Test Cases'!$E$2:$E$336,"High",'Test Cases'!$K$2:$K$336,"Not Run") -> 177
A31: Open defects (Defect Log)
A32: Open (New, In Progress, Reopened, Retest Failed) | B32: =COUNTIF('Defect Log'!$I$6:$I$500,"New")+COUNTIF('Defect Log'!$I$6:$I$500,"In Progress")+COUNTIF('Defect Log'!$I$6:$I$500,"Reopened")+COUNTIF('Defect Log'!$I$6:$I$500,"Retest Failed") -> 0
A33: Critical / High severity still open | B33: =COUNTIFS('Defect Log'!$H$6:$H$500,"Critical",'Defect Log'!$I$6:$I$500,"<>Closed",'Defect Log'!$I$6:$I$500,"<>Fixed",'Defect Log'!$I$6:$I$500,"<>")+COUNTIFS('Defect Log'!$H$6:$H$500,"High",'Defect Log'!$I$6:$I$500,"<>Closed",'Defect Log'!$I$6:$I$500,"<>Fixed",'Defect Log'!$I$6:$I$500,"<>") -> 0

Sheet Test Cases
A1: Test ID | B1: Module | C1: Feature / Area | D1: Type | E1: Priority | F1: Log in as | G1: Preconditions / Data | H1: Steps | I1: Expected Result | J1: Actual Result | K1: Status | L1: Tested By | M1: Date Tested | N1: Defect ID | O1: Comments
A2: LOG-01 | B2: Login & Layout | C2: Access control | D2: Negative | E2: High | F2: None | G2: Logged out | H2: Open the app root URL | I2: Redirected to the login page | K2: Not Run
A3: LOG-02 | B3: Login & Layout | C3: Access control | D3: Negative | E3: High | F3: None | G3: Logged out | H3: Open /students directly | I3: Redirected to the login page; no student data visible | K3: Not Run
A4: LOG-03 | B4: Login & Layout | C4: Login | D4: Functional | E4: High | F4: Admin | G4: Valid Admin account | H4: Enter username + correct password, Sign in | I4: Dashboard opens; header shows 'Welcome, <username>' | K4: Not Run
A5: LOG-04 | B5: Login & Layout | C5: Login | D5: Functional | E5: Medium | F5: Admin | G5: Valid Admin account | H5: Log in using the e-mail address instead of the username | I5: Login works | K5: Not Run
A6: LOG-05 | B6: Login & Layout | C6: Login | D6: Negative | E6: High | F6: None | H6: Enter a wrong password | I6: Message 'Invalid username/email or password.'; stays on login; button usable again | K6: Not Run
A7: LOG-06 | B7: Login & Layout | C7: Login | D7: Validation | E7: Medium | F7: None | H7: Submit the empty form | I7: Fields flagged / message shown; no crash | K7: Not Run
A8: LOG-07 | B8: Login & Layout | C8: Login | D8: UI | E8: Low | F8: None | H8: Click Sign in twice quickly | I8: Button disabled while submitting; only one request sent | K8: Not Run
A9: LOG-08 | B9: Login & Layout | C9: Session | D9: Functional | E9: High | F9: Admin | G9: Logged in | H9: Refresh the browser page | I9: Still logged in | K9: Not Run
A10: LOG-09 | B10: Login & Layout | C10: Session | D10: Negative | E10: Medium | F10: Admin | G10: Logged in | H10: Clear the saved session (browser storage) and navigate to any page | I10: Redirected to login | K10: Not Run
A11: LOG-10 | B11: Login & Layout | C11: Session | D11: Negative | E11: Medium | F11: Admin | G11: Logged in | H11: Let the session expire (or edit expiry to the past in storage) and reload | I11: Session cleared and login shown | K11: Not Run
A12: LOG-11 | B12: Login & Layout | C12: Session | D12: Negative | E12: Medium | F12: Admin | G12: Logged in | H12: Tamper with the saved token, then open any list | I12: App redirects to login automatically | K12: Not Run
A13: LOG-12 | B13: Login & Layout | C13: Session | D13: Functional | E13: High | F13: Admin | G13: Logged in | H13: Click Logout in the sidebar, then press the browser Back button | I13: Back at login; Back button does not show protected pages | K13: Not Run
A14: LOG-13 | B14: Login & Layout | C14: Login | D14: Security | E14: High | F14: Any | G14: Account with a few wrong attempts | H14: Enter the wrong password repeatedly (about 5 times) for one account | I14: Account becomes locked with a clear message; correct password is refused until an Admin unlocks (see USR-15) | K14: Not Run
A15: LOG-14 | B15: Login & Layout | C15: Login | D15: Security | E15: High | F15: Any | G15: User whose status is Inactive or Suspended | H15: Try to log in | I15: Login refused with a clear message | K15: Not Run
A16: LOG-15 | B16: Login & Layout | C16: Login | D16: Functional | E16: High | F16: Any | G16: User created by Admin (MustChangePassword) | H16: Log in with the temporary password | I16: Forced to the Change Password page; no other page is reachable until the password is changed | K16: Not Run
A17: LAY-01 | B17: Login & Layout | C17: Layout | D17: UI | E17: Medium | F17: Admin | G17: Logged in | H17: Look at the sidebar | I17: Sections visible (Overview, Records, Daily, ...); current page highlighted | K17: Not Run
A18: LAY-02 | B18: Login & Layout | C18: Layout | D18: Functional | E18: High | F18: Admin | G18: Logged in | H18: Click each built item: Dashboard, Admissions, Students, Classes & Sections, Parents, Subjects, Teachers, Attendance, Documents, Users & Staff, Roles & Permissions, My Account, Settings | I18: Correct page opens; URL changes | K18: Not Run
A19: LAY-03 | B19: Login & Layout | C19: Layout | D19: Functional | E19: Low | F19: Admin | G19: Logged in | H19: Click a module that is not built yet (e.g. Reports, Timetable, Fees) | I19: Redirects to the dashboard with no error (known placeholder) | K19: Not Run
A20: LAY-04 | B20: Login & Layout | C20: Layout | D20: UI | E20: Low | F20: Admin | G20: Logged in | H20: Toggle dark mode on several pages, refresh | I20: Theme switches, all pages readable in both themes, choice survives refresh | K20: Not Run
... A24: LAY-08 | B24: Login & Layout | C24: Layout | D24: Security | E24: High | F24: Clerk | G24: Clerk logged in | H24: Look at the sidebar and try URLs of pages the role may not use (e.g. /roles-permissions, /settings) | I24: Items the user may not use are hidden or the page shows a clear 'no permission' state; no data from the page is shown | K24: Not Run
A25: CMP-01 | B25: Reusable Components | C25: Validation modal | D25: UI | E25: High | F25: Any | H25: Trigger a server validation error on any form | I25: Modal lists every server message; closes with button / X; no raw JSON shown | K25: Not Run
A26: CMP-02 | B26: Reusable Components | C26: Validation modal | D26: UI | E26: High | F26: Any | H26: Trigger a business-rule error (e.g. class is full) | I26: Server message shown clearly (e.g. 'is full (1/1)') | K26: Not Run
A27: CMP-03 | B27: Reusable Components | C27: Confirm dialog | D27: Functional | E27: High | F27: Any | H27: Open any delete confirmation; Cancel, then repeat and Confirm | I27: Cancel keeps data; Confirm does the action exactly once | K27: Not Run
A28: CMP-04 | B28: Reusable Components | C28: Details modal | D28: UI | E28: Medium | F28: Any | H28: Open any View (eye) modal | I28: All sections shown; empty values show a dash; closes cleanly | K28: Not Run
A29: CMP-05 | B29: Reusable Components | C29: Table footer / paging | D29: Functional | E29: High | F29: Any | G29: List with >25 rows | H29: Check footer text; change page size 10/25/50; use Prev/Next | I29: 'Showing x-y of N' correct; page size changes rows; Prev/Next disabled at the ends | K29: Not Run
A30: CMP-06 | B30: Reusable Components | C30: Quick search | D30: Functional | E30: Medium | F30: Any | H30: Type in the search box above a table | I30: Rows filter live; paging resets to page 1 | K30: Not Run
A31: CMP-07 | B31: Reusable Components | C31: Export CSV | D31: Functional | E31: Medium | F31: Any | H31: Filter a list, click Export CSV, open in Excel | I31: File downloads; header + rows match what is filtered on screen; special characters/commas not broken | K31: Not Run
A32: CMP-08 | B32: Reusable Components | C32: Modals | D32: UI | E32: Low | F32: Any | H32: Open a modal; press Esc; scroll the page behind | I32: Esc/X closes where supported; background does not scroll; focus lands in first field | K32: Not Run
A33: CMP-09 | B33: Reusable Components | C33: Error state | D33: Negative | E33: Medium | F33: Any | G33: API stopped | H33: Open a list page while the API is down | I33: Error message or error state; not a blank page or endless spinner | K33: Not Run
A34: CMP-10 | B34: Reusable Components | C34: Toasts | D34: UI | E34: Low | F34: Any | H34: Save something successfully; also cause an error | I34: Success/error toast appears and disappears; text is understandable | K34: Not Run
A35: CLS-01 | B35: Class Sections | C35: List | D35: Functional | E35: High | F35: Admin | G35: Logged in | H35: Open Classes & Sections | I35: List loads; Academic Year, Section, Stage, Medium filters are populated | K35: Not Run
A36: CLS-02 | B36: Class Sections | C36: Create | D36: Validation | E36: High | F36: Admin | H36: Click Add Class, leave all empty, Save | I36: Required-field messages; nothing created | K36: Not Run
A37: CLS-03 | B37: Class Sections | C37: Create | D37: Functional | E37: High | F37: Admin | H37: Add Name 'ZT Class', Section 'A', Stage Primary, Medium English, Stream General, Capacity 30 | I37: Created; appears with display name like 'ZT Class A (2026-2027)'; code auto-generated | K37: Not Run
A38: CLS-04 | B38: Class Sections | C38: Create | D38: Negative | E38: High | F38: Admin | G38: ZT Class A exists | H38: Add the same class again | I38: Error about duplicate; nothing created | K38: Not Run
A39: CLS-05 | B39: Class Sections | C39: Create | D39: Validation | E39: Medium | F39: Admin | H39: Capacity 0 and 201; Grade 13; Floor 21 | I39: Each gives a validation message | K39: Not Run
A40: CLS-06 | B40: Class Sections | C40: Create | D40: Functional | E40: Low | F40: Admin | H40: Leave Grade blank (LKG/UKG case) | I40: Accepted | K40: Not Run
A41: CLS-07 | B41: Class Sections | C41: Edit | D41: Functional | E41: Medium | F41: Admin | H41: Edit a class, change Room, Save | I41: Saved; reflected in the list | K41: Not Run
A42: CLS-08 | B42: Class Sections | C42: Edit | D42: Negative | E42: High | F42: Admin | G42: Class with students | H42: Lower capacity below current student count | I42: Error 'Capacity cannot be lower than the current strength' | K42: Not Run
A43: CLS-09 | B43: Class Sections | C43: Status | D43: Functional | E43: High | F43: Admin | H43: Set the class Inactive | I43: Row shows Inactive; class no longer appears in admission / student / enrol class lists | K43: Not Run
A44: CLS-10 | B44: Class Sections | C44: View | D44: UI | E44: Low | F44: Admin | H44: Click View (eye) | I44: Details show enrolled count and teacher info | K44: Not Run
A45: CLS-11 | B45: Class Sections | C45: Filters | D45: Functional | E45: Medium | F45: Admin | H45: Use each filter and the search, then combine, then clear | I45: Lists narrow correctly; combining works; clearing restores all | K45: Not Run
A46: CLS-12 | B46: Class Sections | C46: Delete | D46: Functional | E46: Medium | F46: Admin | G46: Empty class | H46: Delete the class | I46: Confirm dialog, then row disappears | K46: Not Run
A47: CLS-13 | B47: Class Sections | C47: Delete | D47: Negative | E47: High | F47: Admin | G47: Class with students/subjects | H47: Delete the class | I47: Refused with message to mark it Inactive instead | K47: Not Run
A48: CLS-14 | B48: Class Sections | C48: Permissions | D48: Security | E48: High | F48: Clerk | H48: As Clerk try Add / Edit / Delete class | I48: Server refuses (403); UI shows a clear message; no data changed | K48: Not Run
A49: SUB-01 | B49: Subjects | C49: List | D49: Functional | E49: High | F49: Admin | H49: Open Subjects | I49: List and filters (Class, Academic Year, Type) work | K49: Not Run
A50: SUB-02 | B50: Subjects | C50: Create | D50: Functional | E50: High | F50: Admin | G50: ZT Class A | H50: Add 'ZT Math', class ZT Class A, Theory, max 100, pass 35 | I50: Created | K50: Not Run
A51: SUB-03 | B51: Subjects | C51: Create | D51: UI | E51: Medium | F51: Admin | H51: Switch Type to Both | I51: Theory max/pass and Practical max/pass fields appear; single max/pass hidden | K51: Not Run
A52: SUB-04 | B52: Subjects | C52: Create | D52: Validation | E52: Medium | F52: Admin | H52: Type Both, leave Theory max empty, Save | I52: Message shown; nothing sent | K52: Not Run
A53: SUB-05 | B53: Subjects | C53: Create | D53: Validation | E53: High | F53: Admin | H53: Pass marks greater than max marks | I53: Validation message | K53: Not Run
A54: SUB-06 | B54: Subjects | C54: Create | D54: Functional | E54: Low | F54: Admin | H54: Leave Code empty | I54: Code auto-generated from the name | K54: Not Run
A55: SUB-07 | B55: Subjects | C55: Create | D55: Negative | E55: High | F55: Admin | H55: Create a second subject with the same code in the same class | I55: Error 'Subject Code + Class must be unique' | K55: Not Run
A56: SUB-08 | B56: Subjects | C56: Edit | D56: Functional | E56: Medium | F56: Admin | H56: Edit marks and save | I56: Saved | K56: Not Run
A57: SUB-09 | B57: Subjects | C57: Filters | D57: Functional | E57: Medium | F57: Admin | H57: Filters and search, combined | I57: Work and combine | K57: Not Run
A58: SUB-10 | B58: Subjects | C58: Delete | D58: Functional | E58: Medium | F58: Admin | H58: Delete a subject | I58: Confirm, then removed | K58: Not Run
A59: SUB-11 | B59: Subjects | C59: Teacher link | D59: Functional | E59: Medium | F59: Admin | G59: Subject assigned to a teacher | H59: View the subject | I59: Teacher name shown | K59: Not Run
A60: TCH-01 | B60: Teachers | C60: List | D60: Functional | E60: High | F60: Admin | H60: Open Teachers | I60: Stat tiles (All/Active/Inactive/Suspended) show correct counts; list loads | K60: Not Run
A61: TCH-02 | B61: Teachers | C61: List | D61: Functional | E61: Medium | F61: Admin | H61: Click a status tile | I61: List filters to that status | K61: Not Run
A62: TCH-03 | B62: Teachers | C62: Create | D62: Functional | E62: High | F62: Admin | H62: Add Teacher with all fields and a strong password (use Users & Staff > New with role Teacher if redirected) | I62: Created; counts update; teacher can log in | K62: Not Run
A63: TCH-04 | B63: Teachers | C63: Create | D63: Validation | E63: High | F63: Admin | H63: Use weak password 'abc' | I63: Message states exactly what is missing (8 chars, upper case, digit, special) | K63: Not Run
A64: TCH-05 | B64: Teachers | C64: Create | D64: Validation | E64: Medium | F64: Admin | H64: Leave the password empty | I64: 'Login password is required.' | K64: Not Run
A65: TCH-06 | B65: Teachers | C65: Create | D65: Negative | E65: High | F65: Admin | H65: Use a username or e-mail that already exists | I65: Error modal about duplicate | K65: Not Run
A66: TCH-07 | B66: Teachers | C66: Edit | D66: Functional | E66: Medium | F66: Admin | H66: Edit teacher, leave password blank, Save | I66: Saved; old password still works | K66: Not Run
A67: TCH-08 | B67: Teachers | C67: Status | D67: Security | E67: High | F67: Admin | H67: Set the teacher to Suspended (from Users & Staff) | I67: Counts update; teacher is signed out and can no longer log in | K67: Not Run
A68: TCH-09 | B68: Teachers | C68: Assignments | D68: Functional | E68: High | F68: Admin | G68: Subjects exist | H68: Open Teacher Profile & Assignments | I68: Stat tiles shown; assigned subjects grouped by class | K68: Not Run
A69: TCH-10 | B69: Teachers | C69: Assignments | D69: Functional | E69: High | F69: Admin | H69: Pick a class: subject checklist | I69: Only that class's subjects; one already taught by another teacher is disabled with 'Already taught by <name>' | K69: Not Run
A70: TCH-11 | B70: Teachers | C70: Assignments | D70: Functional | E70: High | F70: Admin | H70: Assign subjects | I70: Appear in the teacher's profile | K70: Not Run
A71: TCH-12 | B71: Teachers | C71: Assignments | D71: Functional | E71: High | F71: Admin | H71: Tick 'Assign as Class Teacher' while assigning | I71: Class shows a star 'Class Teacher' | K71: Not Run
A72: TCH-13 | B72: Teachers | C72: Assignments | D72: Negative | E72: High | F72: Admin | G72: Class already has a class teacher | H72: Make another teacher class teacher | I72: Error naming the current class teacher | K72: Not Run
A73: TCH-14 | B73: Teachers | C73: Assignments | D73: Functional | E73: Medium | F73: Admin | H73: Unset class teacher | I73: Star removed | K73: Not Run
A74: TCH-15 | B74: Teachers | C74: Assignments | D74: Functional | E74: Medium | F74: Admin | H74: Remove a subject assignment | I74: Unassigned | K74: Not Run
A75: TCH-16 | B75: Teachers | C75: Delete | D75: Negative | E75: High | F75: Admin | G75: Teacher with assignments | H75: Delete the teacher | I75: Refused with counts of what blocks it | K75: Not Run
A76: TCH-17 | B76: Teachers | C76: Delete | D76: Functional | E76: Medium | F76: Admin | G76: Teacher without assignments | H76: Delete the teacher | I76: Confirm, removed; login no longer works | K76: Not Run
A77: TCH-18 | B77: Teachers | C77: Search | D77: Functional | E77: Low | F77: Admin | H77: Search by name / username / e-mail | I77: List filters | K77: Not Run
A78: PAR-01 | B78: Parents | C78: List | D78: Functional | E78: High | F78: Admin | H78: Open Parents | I78: List, status tiles and Contact Method filter work | K78: Not Run
A79: PAR-02 | B79: Parents | C79: Create | D79: Functional | E79: High | F79: Admin | H79: Add a parent with only name + mobile | I79: Created | K79: Not Run
A80: PAR-03 | B80: Parents | C80: Create | D80: Validation | E80: High | F80: Admin | H80: Add without mobile; invalid e-mail | I80: Messages shown | K80: Not Run
A81: PAR-04 | B81: Parents | C81: Create | D81: Functional | E81: Medium | F81: Admin | H81: Fill all sections (contact preferences, notification checkboxes, address) | I81: Saved; Edit shows the same values | K81: Not Run | O81: Reworded Oct 15
A82: PAR-05 | B82: Parents | C82: Status | D82: Functional | E82: Medium | F82: Admin | H82: Set status Inactive | I82: Counts update | K82: Not Run
A83: PAR-06 | B83: Parents | C83: View | D83: UI | E83: Low | F83: Admin | H83: Click View (eye) | I83: Details correct | K83: Not Run
A84: PAR-07 | B84: Parents | C84: Linked children | D84: Functional | E84: High | F84: Admin | G84: Parent with a linked student | H84: Click Linked Children | I84: Lists linked students with relation and primary star; empty state when none | K84: Not Run
A85: PAR-08 | B85: Parents | C85: Linked children | D85: Functional | E85: High | F85: Admin | H85: Link a student from the parent side (search student, relation, primary) | I85: Appears in the list | K85: Not Run
A86: PAR-09 | B86: Parents | C86: Linked children | D86: Negative | E86: High | F86: Admin | H86: Link the same student again | I86: Error 'already linked' | K86: Not Run
A87: PAR-10 | B87: Parents | C87: Linked children | D87: Functional | E87: Medium | F87: Admin | G87: Two parents on one student | H87: Make the second parent primary | I87: Star moves; only one primary | K87: Not Run
A88: PAR-11 | B88: Parents | C88: Linked children | D88: Functional | E88: Medium | F88: Admin | H88: Unlink a student | I88: Confirm, then removed | K88: Not Run
A89: PAR-12 | B89: Parents | C89: Fees | D89: UI | E89: Low | F89: Admin | H89: Click Fee Records | I89: 'Not yet available' style message (module not built) | K89: Not Run
A90: PAR-13 | B90: Parents | C90: Delete | D90: Functional | E90: High | F90: Admin | G90: Parent with NO linked children | H90: Delete the parent | I90: Confirm, removed (a parent with children is refused: see PAR-17) | K90: Not Run | O90: Reworded Oct 15
A91: PAR-14 | B91: Parents | C91: Validation | D91: Exploratory | E91: Low | F91: Admin | G91: Another parent has e-mail X | H91: Create a parent with the same e-mail X | I91: KNOWN GAP: currently accepted. Record the result | K91: Not Run
A92: PAR-15 | B92: Parents | C92: Filters | D92: Functional | E92: Low | F92: Admin | H92: Filters and search | I92: Work | K92: Not Run
A93: PAR-16 | B93: Parents | C93: Scoped access | D93: Security | E93: High | F93: Teacher | G93: Teacher is class teacher of ZT Class A | H93: Open Parents as the teacher | I93: Only parents of students in the teacher's own classes appear; no other family's data | K93: Not Run
A94: ADM-01 | B94: Admissions | C94: List / pipeline | D94: Functional | E94: High | F94: Admin | H94: Open Admissions | I94: Tabs All, Registered, Admitted, Enrolled, Rejected, each with a count | K94: Not Run
A95: ADM-02 | B95: Admissions | C95: List / pipeline | D95: Functional | E95: High | F95: Admin | H95: Click each tab | I95: Rows filter; counts match | K95: Not Run
A96: ADM-03 | B96: Admissions | C96: List / pipeline | D96: Functional | E96: Medium | F96: Admin | H96: Use filters: Academic Year, Admission Type, Applied-for Class, date from/to, search | I96: Work and combine | K96: Not Run
A97: ADM-04 | B97: Admissions | C97: List / pipeline | D97: Functional | E97: High | F97: Admin | G97: One application per status | H97: Check the row actions in each status | I97: Registered: view, edit, confirm, reject, delete. Admitted: view, edit, enrol, reject, delete. Enrolled: view, edit, link to student, delete (no confirm/enrol/reject). Rejected: view reason, delete | K97: Not Run
A98: ADM-05 | B98: Admissions | C98: List / pipeline | D98: Functional | E98: Low | F98: Admin | H98: Export CSV | I98: Matches the filtered rows | K98: Not Run
A99: ADM-10 | B99: Admissions | C99: Register | D99: Validation | E99: High | F99: Admin | H99: Click New Registration, Save empty | I99: Required-field messages | K99: Not Run
A100: ADM-11 | B100: Admissions | C100: Register | D100: Functional | E100: High | F100: Admin | H100: Fill applicant, class (only Active classes listed), type, phone; Save | I100: Saved; row under Registered with a REG-... number | K100: Not Run
A101: ADM-12 | B101: Admissions | C101: Register | D101: Functional | E101: High | F101: Admin | H101: Add a Father and a Mother row (Add guardian) | I101: Rows with relation / name / mobile / e-mail / primary radio | K101: Not Run
A102: ADM-13 | B102: Admissions | C102: Register | D102: Validation | E102: Medium | F102: Admin | H102: Try to add a 6th guardian | I102: Add guardian disabled at 5 | K102: Not Run
A103: ADM-14 | B103: Admissions | C103: Register | D103: Validation | E103: High | F103: Admin | H103: Add two fathers, Save | I103: Message 'only one father and one mother' | K103: Not Run
...

Sheet Test Data
A1: Test data to set up first
A2: Create these in a TEST database. Passwords are suggestions: change them if your policy differs (8+ characters, upper case, digit, special character).
A4: Username | B4: Role | C4: Suggested password | D4: Notes
A5: admin | B5: Admin | C5: (existing admin) | D5: Full access. Use for most cases.
A6: admin2 | B6: Admin | C6: ZtAdmin#2026 | D6: Second Admin: needed for document review (no self-review), concurrency and 'last Admin' cases.
A7: zt.clerk | B7: Clerk | C7: ZtClerk#2026 | D7: Limited role. Used for permission and masking cases.
A8: zt.supervisor | B8: Supervisor | C8: ZtSuper#2026 | D8: Limited role; can see identity values.
A9: zt.teacher1 | B9: Teacher | C9: ZtTeach#2026 | D9: Class teacher of 'ZT Class A' (assign it in Teachers). Used for attendance and scoped-access cases.
A10: zt.custom | B10: Custom role 'ZT NoParents' | C10: ZtCustom#2026 | D10: Create a role with Admissions.Create/Edit but WITHOUT Parents.View (cases ADM-G09, G10). Also create 'ZT ParentsOnly' with Parents.View but no Admissions rights (ADM-G11).
A12: Sample records
A13: Record | B13: Name / value | C13: Details | D13: Notes
A14: Class | B14: ZT Class A | C14: Section A, Primary, English, General, capacity 30 | D14: Second class: ZT Class B. For 'full' tests make one with capacity 1.
A15: Subject | B15: ZT Math | C15: Class A, Theory, max 100, pass 35
A16: Parent | B16: ZT Father | C16: Mobile 9876501111 | D16: Used in E2E-01, E2E-06 and the existing-parent cases.
A17: Parent | B17: ZT Mother | C17: Mobile 9876502222
A18: Applicant | B18: ZTKid One | C18: DOB a valid past date, Class A | D18: Guardians: Father (mobile 9876501111) and Mother.
A19: Documents | B19: small.pdf, photo.jpg, scan.png | C19: Any small files | D19: Also: a text file renamed .pdf (must be refused) and a file over 5 MB.
A20: Time | B20: Test around midnight | C20: 00:00-04:00 Abu Dhabi | D20: For case ATT-25 only.

Sheet Defect Log
A1: Defect Log
A2: One row per defect. Row 5 is an EXAMPLE (not counted in the Summary) showing the expected level of detail: overwrite or delete it. Copy the Defect ID into the failing test row. | L2: Severity: Critical = data loss / security / cannot continue; High = core feature broken; Medium = workaround exists; Low = cosmetic.
A4: Defect ID | B4: Date Found | C4: Module | D4: Test ID | E4: Summary (one line) | F4: Steps to reproduce | G4: Expected vs Actual | H4: Severity | I4: Status | J4: Reported By | K4: Screenshot / File | L4: Developer Notes
A5: DEF-001 | B5: 2026-10-15 | C5: Students | D5: STU-25 | E5: EXAMPLE: Moving a student to another class does not add a history row | F5: 1. Login as Admin 2. Students > Edit 'ZTKid One' 3. Change class A to B, Save 4. Open Academic History | G5: Expected: two rows (Transferred + Active). Actual: one row only. Console shows no error. | H5: High | I5: New | J5: Tester name | K5: screenshot-001.png
